{
  "geodesic": {
    "1": 0.1628716698724453,
    "2": 0.16816746526101595,
    "3": 0.1568965801484431
  },
  "euclidean": {
    "1": 0.23096747677137333,
    "2": 0.16546024064561524,
    "3": 0.22335369086762638
  }
}