{
  "geodesic": {
    "1": 0.1779673946882684,
    "2": 0.17785899128380508,
    "3": 0.18338429991369407
  },
  "euclidean": {
    "1": 0.233318851053955,
    "2": 0.233318851053955,
    "3": 0.233318851053955
  }
}