{
  "geodesic": {
    "1": 0.4068779441775549,
    "2": 0.16816746526101595,
    "3": 0.1568965801484431
  },
  "euclidean": {
    "1": 0.0,
    "2": 0.16546024064561524,
    "3": 0.22335369086762638
  }
}