{
  "geodesic": {
    "1": 0.21005027764821252,
    "2": 0.21205236326985744,
    "3": 0.21203526982384385
  },
  "euclidean": {
    "1": 0.22719729134990305,
    "2": 0.22719729134990305,
    "3": 0.22719729134990305
  }
}