{
  "geodesic": {
    "1": 0.1779673946882684,
    "2": 0.17785899128380508,
    "3": 0.1833842999136941
  },
  "euclidean": {
    "1": 0.23331885105395497,
    "2": 0.23331885105395497,
    "3": 0.23331885105395497
  }
}