{
  "seed": 123,
  "cluster_ids": [
    "Astro Aqp4",
    "CR Lhx5",
    "Endo Ctla2a",
    "Endo Cytl1",
    "L2/3 IT ALM Macc1 Lrg1",
    "L2/3 IT ALM Ptrf",
    "L2/3 IT ALM Sla",
    "L2/3 IT VISp Adamts2",
    "L2/3 IT VISp Agmat",
    "L2/3 IT VISp Rrad"
  ],
  "distance_matrix": [
    [
      0.0,
      150.8607177734375,
      372.686279296875,
      339.8970947265625,
      403.52740478515625,
      433.81494140625,
      404.8995361328125,
      416.8254699707031,
      421.4542236328125,
      421.79974365234375
    ],
    [
      150.8607177734375,
      0.0,
      229.66766357421875,
      204.48831176757812,
      250.8753662109375,
      277.69390869140625,
      251.8554229736328,
      260.89129638671875,
      266.78857421875,
      266.41900634765625
    ],
    [
      372.686279296875,
      229.66766357421875,
      0.0,
      28.335420608520508,
      368.5615234375,
      378.413330078125,
      369.646728515625,
      384.5605163574219,
      384.12493896484375,
      391.6781311035156
    ],
    [
      339.8970947265625,
      204.48831176757812,
      28.335420608520508,
      0.0,
      332.57672119140625,
      369.58935546875,
      351.891357421875,
      354.52508544921875,
      373.24066162109375,
      355.6594543457031
    ],
    [
      403.52740478515625,
      250.8753662109375,
      368.5615234375,
      332.57672119140625,
      0.0,
      29.728607177734375,
      2.1956710815429688,
      13.818470001220703,
      17.264511108398438,
      20.73276710510254
    ],
    [
      433.81494140625,
      277.69390869140625,
      378.413330078125,
      369.58935546875,
      29.728607177734375,
      0.0,
      28.242122650146484,
      27.844945907592773,
      18.762542724609375,
      30.626806259155273
    ],
    [
      404.8995361328125,
      251.8554229736328,
      369.646728515625,
      351.891357421875,
      2.1956710815429688,
      28.242122650146484,
      0.0,
      15.002066612243652,
      17.249956130981445,
      22.00484848022461
    ],
    [
      416.8254699707031,
      260.89129638671875,
      384.5605163574219,
      354.52508544921875,
      13.818470001220703,
      27.844945907592773,
      15.002066612243652,
      0.0,
      9.224727630615234,
      7.00700044631958
    ],
    [
      421.4542236328125,
      266.78857421875,
      384.12493896484375,
      373.24066162109375,
      17.264511108398438,
      18.762542724609375,
      17.249956130981445,
      9.224727630615234,
      0.0,
      12.268562316894531
    ],
    [
      421.79974365234375,
      266.41900634765625,
      391.6781311035156,
      355.6594543457031,
      20.73276710510254,
      30.626806259155273,
      22.00484848022461,
      7.00700044631958,
      12.268562316894531,
      0.0
    ]
  ]
}