{
  "seed": 12,
  "cluster_ids": [
    "Astro Aqp4",
    "CR Lhx5",
    "Endo Ctla2a",
    "Endo Cytl1",
    "L2/3 IT ALM Macc1 Lrg1",
    "L2/3 IT ALM Ptrf",
    "L2/3 IT ALM Sla",
    "L2/3 IT VISp Adamts2",
    "L2/3 IT VISp Agmat",
    "L2/3 IT VISp Rrad"
  ],
  "distance_matrix": [
    [
      0.0,
      194.64505004882812,
      399.8004150390625,
      360.7008056640625,
      312.92138671875,
      315.3414306640625,
      326.08807373046875,
      349.9622497558594,
      338.33251953125,
      365.0281677246094
    ],
    [
      194.64505004882812,
      0.0,
      191.41954040527344,
      156.6428680419922,
      238.4623565673828,
      234.41159057617188,
      251.72589111328125,
      278.91131591796875,
      258.90509033203125,
      296.777099609375
    ],
    [
      399.8004150390625,
      191.41954040527344,
      0.0,
      42.36713790893555,
      423.60369873046875,
      424.794189453125,
      442.64276123046875,
      461.0877380371094,
      452.82037353515625,
      488.3007507324219
    ],
    [
      360.7008056640625,
      156.6428680419922,
      42.36713790893555,
      0.0,
      389.65130615234375,
      389.33319091796875,
      401.2388000488281,
      436.7247009277344,
      410.72467041015625,
      453.8639831542969
    ],
    [
      312.92138671875,
      238.4623565673828,
      423.60369873046875,
      389.65130615234375,
      0.0,
      15.325704574584961,
      13.164920806884766,
      37.58816146850586,
      27.114151000976562,
      54.921939849853516
    ],
    [
      315.3414306640625,
      234.41159057617188,
      424.794189453125,
      389.33319091796875,
      15.325704574584961,
      0.0,
      18.671674728393555,
      39.76427459716797,
      23.862285614013672,
      42.3861198425293
    ],
    [
      326.08807373046875,
      251.72589111328125,
      442.64276123046875,
      401.2388000488281,
      13.164920806884766,
      18.671674728393555,
      0.0,
      24.872304916381836,
      15.486994743347168,
      34.218955993652344
    ],
    [
      349.9622497558594,
      278.91131591796875,
      461.0877380371094,
      436.7247009277344,
      37.58816146850586,
      39.76427459716797,
      24.872304916381836,
      0.0,
      17.15522003173828,
      17.90234375
    ],
    [
      338.33251953125,
      258.90509033203125,
      452.82037353515625,
      410.72467041015625,
      27.114151000976562,
      23.862285614013672,
      15.486994743347168,
      17.15522003173828,
      0.0,
      19.584484100341797
    ],
    [
      365.0281677246094,
      296.777099609375,
      488.3007507324219,
      453.8639831542969,
      54.921939849853516,
      42.3861198425293,
      34.218955993652344,
      17.90234375,
      19.584484100341797,
      0.0
    ]
  ]
}