{
  "seed": 12,
  "cluster_ids": [
    "Astro Aqp4",
    "CR Lhx5",
    "Endo Ctla2a",
    "Endo Cytl1",
    "L2/3 IT ALM Macc1 Lrg1",
    "L2/3 IT ALM Ptrf",
    "L2/3 IT ALM Sla",
    "L2/3 IT VISp Adamts2",
    "L2/3 IT VISp Agmat",
    "L2/3 IT VISp Rrad"
  ],
  "distance_matrix": [
    [
      0.0,
      194.58291625976562,
      432.56268310546875,
      385.8543395996094,
      318.32708740234375,
      319.73944091796875,
      332.3247375488281,
      355.0115051269531,
      340.57476806640625,
      368.9979248046875
    ],
    [
      194.58291625976562,
      0.0,
      191.4734649658203,
      156.65048217773438,
      238.78590393066406,
      234.59359741210938,
      252.05462646484375,
      279.71478271484375,
      263.08074951171875,
      300.2841796875
    ],
    [
      432.56268310546875,
      191.4734649658203,
      0.0,
      42.398677825927734,
      431.7610778808594,
      445.92584228515625,
      459.10223388671875,
      466.06884765625,
      480.7781982421875,
      505.34100341796875
    ],
    [
      385.8543395996094,
      156.65048217773438,
      42.398677825927734,
      0.0,
      395.75091552734375,
      405.93359375,
      409.262939453125,
      445.1646728515625,
      426.75543212890625,
      466.8274230957031
    ],
    [
      318.32708740234375,
      238.78590393066406,
      431.7610778808594,
      395.75091552734375,
      0.0,
      15.366811752319336,
      13.164937019348145,
      37.584259033203125,
      27.127552032470703,
      55.029052734375
    ],
    [
      319.73944091796875,
      234.59359741210938,
      445.92584228515625,
      405.93359375,
      15.366811752319336,
      0.0,
      18.67613983154297,
      39.76350402832031,
      23.868040084838867,
      42.38747787475586
    ],
    [
      332.3247375488281,
      252.05462646484375,
      459.10223388671875,
      409.262939453125,
      13.164937019348145,
      18.67613983154297,
      0.0,
      24.866924285888672,
      15.64439868927002,
      34.25312042236328
    ],
    [
      355.0115051269531,
      279.71478271484375,
      466.06884765625,
      445.1646728515625,
      37.584259033203125,
      39.76350402832031,
      24.866924285888672,
      0.0,
      17.157958984375,
      17.919967651367188
    ],
    [
      340.57476806640625,
      263.08074951171875,
      480.7781982421875,
      426.75543212890625,
      27.127552032470703,
      23.868040084838867,
      15.64439868927002,
      17.157958984375,
      0.0,
      19.5849552154541
    ],
    [
      368.9979248046875,
      300.2841796875,
      505.34100341796875,
      466.8274230957031,
      55.029052734375,
      42.38747787475586,
      34.25312042236328,
      17.919967651367188,
      19.5849552154541,
      0.0
    ]
  ]
}