{
  "1": [
    0.5281796315364363,
    0.5112915871354664,
    0.5429894148125901,
    0.2797695585506775,
    0.27258093827514257,
    0.2617885567108813,
    0.22562877816869334,
    0.24577061292097882,
    0.20745694533753148,
    0.38909622343875433,
    0.40032503980917433,
    0.3226196578529164,
    0.26524815227754805,
    0.3041971492192903,
    0.2830252587089881,
    0.2687650317953771,
    0.26314891009936786,
    0.35951862480227786,
    0.21021431738508822,
    0.2245762265626011,
    0.21062532323224134,
    0.21654854360600614,
    0.20928766938532464,
    0.22286731176481048,
    0.2035524222610489,
    0.208608325453782,
    0.20463411801116013,
    0.2102612317041308,
    0.2019697067193014,
    0.21462382943671549,
    0.6000672113575423,
    0.36281287326057193,
    0.5145894296343888,
    0.5136060802075868,
    0.46318898960472493,
    0.559096491949534,
    0.4594776473168053,
    0.6365354489189547,
    0.45826483365730114,
    0.5428987749900533,
    0.5234485786125197,
    0.6104977291068698,
    0.39288215266709753,
    0.36479933904586326,
    0.30692656156009
  ],
  "2": [
    0.5053217387274839,
    0.5134851248779074,
    0.5536044280545244,
    0.27064139092763445,
    0.25469448994717286,
    0.2522168964249135,
    0.24269612472711352,
    0.2635942886298742,
    0.2135484244481462,
    0.36420471755817085,
    0.38200013261352467,
    0.31985175054239673,
    0.25874399450374497,
    0.29844710629068205,
    0.2585983053862043,
    0.2525456088635398,
    0.2388456321964158,
    0.32053082123715393,
    0.1887896026476245,
    0.21210121340300875,
    0.19214718959266378,
    0.20543845651381468,
    0.20207742532871534,
    0.21083578408100784,
    0.1902274127152919,
    0.19754167523864838,
    0.19835448639863057,
    0.20154390153699606,
    0.19354632156980553,
    0.2019276099461815,
    0.5741675899223604,
    0.42078569051549547,
    0.4928399072113457,
    0.5312920065698004,
    0.5069644434828269,
    0.6626678106892417,
    0.4680912855293872,
    0.6214763878332868,
    0.4363327033278327,
    0.5423845750364942,
    0.6026924743636165,
    0.4085026535282538,
    0.3489145650235615,
    0.45953146109278115,
    0.41460827363659547
  ],
  "3": [
    0.47368746656384964,
    0.5115358289487361,
    0.5529917835093098,
    0.2535135808412366,
    0.22883442465134324,
    0.24320115662953168,
    0.21347054958711256,
    0.22098945597311823,
    0.19400736748885225,
    0.3611596905842017,
    0.3725453228430736,
    0.3220263727077424,
    0.25561375090612004,
    0.3187401553395252,
    0.2870927895891672,
    0.2725107668624787,
    0.26811472070186765,
    0.36024583701669893,
    0.17783327568763538,
    0.18484804973227464,
    0.18354531130272103,
    0.18108369972853358,
    0.17246451656057135,
    0.18634023404038108,
    0.17598185898807847,
    0.17452226160267267,
    0.17887514001391722,
    0.17734355086709994,
    0.17286982987990845,
    0.18655937368163578,
    0.5434436452753715,
    0.37986248092038,
    0.5074994297472565,
    0.5187590145446771,
    0.521577429799867,
    0.5359825500314909,
    0.4813877739150467,
    0.6444398176322532,
    0.4447525869273825,
    0.5618173892590589,
    0.5705624786619239,
    0.497773577684198,
    0.31815323599419076,
    0.4755680355028304,
    0.32036129025524973
  ],
  "4": [
    0.49252277832872665,
    0.46888398293519024,
    0.516079686111127,
    0.2677970446255414,
    0.2424206965696063,
    0.2499987831976646,
    0.23065628790759504,
    0.23176984405347134,
    0.2156979605692856,
    0.3335568379093236,
    0.36108505454922185,
    0.3288873843026221,
    0.26834117988088513,
    0.29809730178363514,
    0.27426637113218244,
    0.2693543205244575,
    0.2561554023550722,
    0.4218441340220013,
    0.2001875898081694,
    0.19003643044364943,
    0.19933129352038514,
    0.21124464913062882,
    0.19918008435363357,
    0.20880852840475336,
    0.20060282747391864,
    0.19733408357867166,
    0.19290330723206972,
    0.20538364916770788,
    0.20426722704737696,
    0.20563778177234976,
    0.5341939822672922,
    0.25739190121829364,
    0.5232792263753091,
    0.4586196167968559,
    0.49916400789351906,
    0.48054246900077596,
    0.48766541497702287,
    0.6356127997737547,
    0.4913775733403702,
    0.5490684856179872,
    0.5255816552877115,
    0.46605603676868074,
    0.2600925945992326,
    0.379201163861908,
    0.29065137925071094
  ],
  "5": [
    0.4943012779702981,
    0.47566913347134754,
    0.5131435092178465,
    0.2577284035409744,
    0.23564660882575156,
    0.24045255506407917,
    0.22227874809526965,
    0.2327185894901916,
    0.20295306191238205,
    0.281027330779698,
    0.30430496571666826,
    0.2895245274826602,
    0.24566237774250288,
    0.28553746553434045,
    0.2531606202358122,
    0.23481438221319062,
    0.22652543354515875,
    0.4552158547517666,
    0.17131798837264203,
    0.20230727286504918,
    0.18386953453143864,
    0.190975311297413,
    0.19129710107461861,
    0.188826753372681,
    0.1738927282390155,
    0.19428524640408557,
    0.17418520393558293,
    0.19354012813766303,
    0.19096853882089868,
    0.18547340006832885,
    0.5354632766071978,
    0.3454668082049868,
    0.5288212482476469,
    0.5275468191328601,
    0.5809687225681761,
    0.6000450718516598,
    0.4465324555149701,
    0.5311785521058434,
    0.4159018296321168,
    0.48966677541218045,
    0.47844750995990964,
    0.4557252435959032,
    0.33517310789782306,
    0.24605136145753218,
    0.28532763403636774
  ],
  "6": [
    0.458830351406385,
    0.45067473666875324,
    0.49910215270675895,
    0.2655096592402021,
    0.2360488134520275,
    0.23414894161320696,
    0.22522668553153266,
    0.23235848937036208,
    0.21326987659081154,
    0.3570584450840524,
    0.3740095671053415,
    0.30792704320700387,
    0.24961135985119767,
    0.30344957185965804,
    0.2695695993268394,
    0.2651983704152853,
    0.25514445766852073,
    0.33927107805669654,
    0.17292510258442836,
    0.2015507936905608,
    0.19322760697098046,
    0.21184493049469114,
    0.20703388539634635,
    0.2136600969181079,
    0.17452159325444466,
    0.1929646789366201,
    0.19906453707958774,
    0.21137710009148694,
    0.1897890815788939,
    0.21476507717007462,
    0.5429424411577586,
    0.4780657860120643,
    0.5742864234665493,
    0.5595601687377301,
    0.5330691440741572,
    0.5342463635559406,
    0.46983824546437625,
    0.5865462864091447,
    0.4402841717434583,
    0.5505570596520409,
    0.5136989657338359,
    0.4003013161054378,
    0.24204307734077737,
    0.29535839062413777,
    0.3277936334913122
  ]
}