{
  "rerun": 0,
  "num_decoders": 6,
  "cluster_ids": [
    "Endo Ctla2a",
    "L2/3 IT ALM Macc1 Lrg1",
    "L2/3 IT ALM Ptrf",
    "L2/3 IT ALM Sla",
    "Endo Cytl1",
    "L2/3 IT VISp Adamts2",
    "CR Lhx5",
    "L2/3 IT VISp Rrad",
    "L2/3 IT VISp Agmat",
    "Astro Aqp4"
  ],
  "geodesic_distance_matrix": [
    [
      0.0,
      0.527957558631897,
      0.5242765545845032,
      0.5106897950172424,
      0.07572854310274124,
      0.5397886633872986,
      0.145600363612175,
      0.4753444194793701,
      0.5526354312896729,
      0.28639835119247437
    ],
    [
      0.527957558631897,
      0.0,
      0.0695098340511322,
      0.050702549517154694,
      0.5060760378837585,
      0.02598206140100956,
      0.3663504719734192,
      0.03231162950396538,
      0.021281728520989418,
      0.3655252158641815
    ],
    [
      0.5242765545845032,
      0.0695098340511322,
      0.0,
      0.03718367964029312,
      0.48480722308158875,
      0.04401974007487297,
      0.386569619178772,
      0.04376598447561264,
      0.039808399975299835,
      0.3618067800998688
    ],
    [
      0.5106897950172424,
      0.050702549517154694,
      0.03718367964029312,
      0.0,
      0.526883065700531,
      0.02241365797817707,
      0.3672145903110504,
      0.06229859218001366,
      0.024405023083090782,
      0.34782445430755615
    ],
    [
      0.07572854310274124,
      0.5060760378837585,
      0.48480722308158875,
      0.526883065700531,
      0.0,
      0.4853508174419403,
      0.16097809374332428,
      0.5115928053855896,
      0.5018462538719177,
      0.2693766951560974
    ],
    [
      0.5397886633872986,
      0.02598206140100956,
      0.04401974007487297,
      0.02241365797817707,
      0.4853508174419403,
      0.0,
      0.36198195815086365,
      0.03603937476873398,
      0.05871043726801872,
      0.343707412481308
    ],
    [
      0.145600363612175,
      0.3663504719734192,
      0.386569619178772,
      0.3672145903110504,
      0.16097809374332428,
      0.36198195815086365,
      0.0,
      0.3676912784576416,
      0.3703153133392334,
      0.2355411797761917
    ],
    [
      0.4753444194793701,
      0.03231162950396538,
      0.04376598447561264,
      0.06229859218001366,
      0.5115928053855896,
      0.03603937476873398,
      0.3676912784576416,
      0.0,
      0.03245018050074577,
      0.334568589925766
    ],
    [
      0.5526354312896729,
      0.021281728520989418,
      0.039808399975299835,
      0.024405023083090782,
      0.5018462538719177,
      0.05871043726801872,
      0.3703153133392334,
      0.03245018050074577,
      0.0,
      0.3791828453540802
    ],
    [
      0.28639835119247437,
      0.3655252158641815,
      0.3618067800998688,
      0.34782445430755615,
      0.2693766951560974,
      0.343707412481308,
      0.2355411797761917,
      0.334568589925766,
      0.3791828453540802,
      0.0
    ]
  ],
  "euclidean_distance_matrix": [
    [
      0.0,
      3.8647377204951714,
      3.924267203033526,
      3.8188830856963203,
      0.17836068831060808,
      3.5738095220757824,
      1.5142179982490398,
      3.4498916787487426,
      3.591325285771864,
      2.525215801125379
    ],
    [
      3.8647377204951714,
      0.0,
      0.13465091444121158,
      0.07027402454473224,
      3.7265574085264173,
      0.2942074433876041,
      2.744137191809469,
      0.4164478589262978,
      0.2987118977173804,
      2.7498248303659096
    ],
    [
      3.924267203033526,
      0.13465091444121158,
      0.0,
      0.2031770642884008,
      3.782570074147414,
      0.3853682841138085,
      2.8382372153745115,
      0.49779079638114326,
      0.332976615114256,
      2.8733719634676262
    ],
    [
      3.8188830856963203,
      0.07027402454473224,
      0.2031770642884008,
      0.0,
      3.6823293241805137,
      0.24519340833364364,
      2.684068371933827,
      0.36925839965795054,
      0.28459726624487963,
      2.6802884036508927
    ],
    [
      0.17836068831060808,
      3.7265574085264173,
      3.782570074147414,
      3.6823293241805137,
      0.0,
      3.4371359321366106,
      1.4701954326935576,
      3.3130772363834184,
      3.4496308248850487,
      2.5115497806372806
    ],
    [
      3.5738095220757824,
      0.2942074433876041,
      0.3853682841138085,
      0.24519340833364364,
      3.4371359321366106,
      0.0,
      2.4546943401806347,
      0.12407768472020853,
      0.15888006475734015,
      2.506498194389811
    ],
    [
      1.5142179982490398,
      2.744137191809469,
      2.8382372153745115,
      2.684068371933827,
      1.4701954326935576,
      2.4546943401806347,
      0.0,
      2.3407074805402606,
      2.5256926542126417,
      1.0802742161910452
    ],
    [
      3.4498916787487426,
      0.4164478589262978,
      0.49779079638114326,
      0.36925839965795054,
      3.3130772363834184,
      0.12407768472020853,
      2.3407074805402606,
      0.0,
      0.20532107603207445,
      2.4249177486196274
    ],
    [
      3.591325285771864,
      0.2987118977173804,
      0.332976615114256,
      0.28459726624487963,
      3.4496308248850487,
      0.15888006475734015,
      2.5256926542126417,
      0.20532107603207445,
      0.0,
      2.6302262919847648
    ],
    [
      2.525215801125379,
      2.7498248303659096,
      2.8733719634676262,
      2.6802884036508927,
      2.5115497806372806,
      2.506498194389811,
      1.0802742161910452,
      2.4249177486196274,
      2.6302262919847648,
      0.0
    ]
  ]
}