{
  "avg_cov_geodesic": {
    "1": 0.25532041974443137,
    "2": 0.10664072983908972,
    "3": 0.09344474769653725
  },
  "avg_cov_euclidean": 0.2626851615014833,
  "raw_cov_geodesic": {
    "1": [
      0.23855607696094047,
      0.08022549362422136,
      0.07734702533527048,
      0.17523218583862946,
      0.18881224837300442,
      0.18304557490413426,
      0.19896589371583903,
      0.1918079472032344,
      0.19782612768973276,
      0.14209381243736843,
      0.1194628025030309,
      0.08364245390491308,
      0.09371658145591887,
      0.10885857448614747,
      0.2721500552989892,
      0.29410124252026393,
      0.2945277044904444,
      0.3139580485281005,
      0.3106170958084699,
      0.3821770503977467,
      0.3629287691290538,
      0.3809316486245507,
      0.37491966441484886,
      0.2752027819907957,
      0.13721894353245062,
      0.10848273600907102,
      0.2436733936642705,
      0.05764536683497108,
      0.27387439409768416,
      0.2670614973046338,
      0.275604214177545,
      0.30394707965336837,
      0.3078811194615915,
      0.30631231009425586,
      0.3948017335706264,
      0.2577487996681123,
      0.13773679927772686,
      0.09256057011173434,
      0.2318884016839237,
      0.27569909991413216,
      0.2707181016545028,
      0.27795873607575844,
      0.3075869702598692,
      0.3128015409537004,
      0.31102763612706935,
      0.39780116050747616,
      0.26548709430915873,
      0.13444564903812184,
      0.08686535512952817,
      0.23545442448692275,
      0.38389724686259075,
      0.6661295502041198,
      0.5448372841681224,
      0.48679503540338176,
      0.5146275051873592,
      0.27872735750058436,
      0.2864139403470174,
      0.16127808245917052,
      0.16068912945625025,
      0.17814707436992222,
      0.4675935980663304,
      0.24739090855104903,
      0.1930664689728751,
      0.19252792790991974,
      0.33760074919310396,
      0.3084396340558561,
      0.18808678196039613,
      0.1776703050913842,
      0.2164284460700076,
      0.5468311639440793,
      0.5766669194520249,
      0.49864566488450274,
      0.24031670892388438,
      0.17398981863881183,
      0.11854138802224473,
      0.190945326038574,
      0.09377358566552911,
      0.5235288105288498,
      0.3261518743306403,
      0.2656166303956935,
      0.10456483139657584,
      0.157070399176512,
      0.25456231012487757,
      0.08694092938261322,
      0.590329720940111,
      0.33885856915632273,
      0.203384262751142,
      0.11070661716503377,
      0.15719726990165175,
      0.07750296703147824,
      0.283278045509791,
      0.11077024783746504,
      0.14281496119637604,
      0.22752906925946312,
      0.06283145956911809,
      0.08681723913027012,
      0.2671813438009577,
      0.2630164689970967,
      0.07292320425440096,
      0.28997240981924216,
      0.2108425830294518,
      0.07954684965659456,
      0.8490012416573721,
      0.42924524645203144,
      0.1930109220812101
    ],
    "2": [
      0.0943541446273906,
      0.05950868136469108,
      0.04888649178508802,
      0.17831518960534437,
      0.1597377795692952,
      0.1797302178568819,
      0.1781435634769764,
      0.1699580772984606,
      0.17964619190892495,
      0.22707950650926534,
      0.1965582695239811,
      0.16272746299553442,
      0.13643266326971015,
      0.19463703945163835,
      0.07460479598720526,
      0.0883340486732059,
      0.05547137289304775,
      0.022647890380535444,
      0.056607707120592016,
      0.0844945225505429,
      0.05184219075610443,
      0.07919040432893842,
      0.12771628922345296,
      0.06162873061003623,
      0.1290599745125912,
      0.10981039405790086,
      0.05379830332159998,
      0.17045192437944373,
      0.1032374452014062,
      0.1386136491843815,
      0.10859399276040026,
      0.0896294832746517,
      0.10925023477267264,
      0.08981461893052141,
      0.13961370864305314,
      0.11600462498759882,
      0.1352633742983476,
      0.12196162490931652,
      0.1152541282723209,
      0.09937331797310765,
      0.09962149856292948,
      0.08670090320330562,
      0.06880861271320277,
      0.07682890809312205,
      0.07266452686380043,
      0.1308345543627863,
      0.12573191381044793,
      0.10994282054672384,
      0.11940750886158608,
      0.11757999780119129,
      0.16192368533459037,
      0.14763317864155417,
      0.15354655842808335,
      0.1731940499006947,
      0.16148289422873557,
      0.054930313104259464,
      0.05445948177490871,
      0.03596589057946155,
      0.09116927613949852,
      0.0688941806707496,
      0.18049138460052125,
      0.19354121038971628,
      0.19954645957245087,
      0.19459198937685923,
      0.11296041334533892,
      0.08967344961364081,
      0.04991762786491306,
      0.08179934096079093,
      0.09266576084811698,
      0.15484796248903962,
      0.17970362360247455,
      0.1805617362873657,
      0.08917771695715344,
      0.055517179971684295,
      0.035826555792678516,
      0.06611661681465242,
      0.06281483310894638,
      0.17588668046713435,
      0.1525691694926098,
      0.09929567695214465,
      0.06722520219761394,
      0.06379800553269283,
      0.07242343321842268,
      0.0682785896089473,
      0.1874106419906892,
      0.12204123756181581,
      0.06820474507415211,
      0.04611092567106182,
      0.08021495802797524,
      0.07274368894707088,
      0.09277335179201282,
      0.06946775842223199,
      0.049728450945831844,
      0.06791236173169594,
      0.0666372875664585,
      0.07612953328632163,
      0.03700585191809459,
      0.042954063677254205,
      0.05759873555506195,
      0.062286019663873614,
      0.0681729232962075,
      0.07776844005120066,
      0.1696818723323449,
      0.06250837405512497,
      0.0913900076042424
    ],