{
  "avg_cov_geodesic": {
    "1": 0.23264323201182982,
    "2": 0.09325531474710702,
    "3": 0.0888633671734864
  },
  "avg_cov_euclidean": 0.21828861341066155,
  "raw_cov_geodesic": {
    "1": [
      0.27027159318779015,
      0.06955522138361252,
      0.060262413076379556,
      0.14691364733383694,
      0.15187853432989143,
      0.15358067987147828,
      0.15235736493298552,
      0.15558818430280932,
      0.15383002599576798,
      0.08904875111140484,
      0.06072112697708367,
      0.14451201518438347,
      0.1480148036906312,
      0.0851365023016542,
      0.3362175400200876,
      0.3627659183803607,
      0.2703895367879366,
      0.26440533513815057,
      0.26714410975703623,
      0.3008927995059481,
      0.3154102613321659,
      0.30908831004818293,
      0.3824966875490526,
      0.2616177920508643,
      0.13387647824295376,
      0.07565012633668766,
      0.22680332255142766,
      0.058528684639741764,
      0.25436262421841127,
      0.2248561247598515,
      0.2502382733245261,
      0.2769120854949503,
      0.2808733218174044,
      0.2803407580647497,
      0.3645927732325562,
      0.2387890047307885,
      0.15660041409463032,
      0.11390554790609471,
      0.2238697152150835,
      0.24815851011211562,
      0.2194510669681183,
      0.24715752763004117,
      0.2752556070010373,
      0.27922829706048496,
      0.27836823329015203,
      0.3680234436349569,
      0.23667504151513477,
      0.14784329104780264,
      0.10181668426848182,
      0.22092872359767662,
      0.37960781533879634,
      0.825895073340916,
      0.6024083646393226,
      0.36483954723567635,
      0.5660266337114273,
      0.2451786577041812,
      0.2928047962391946,
      0.20129245165324705,
      0.1553206968149942,
      0.2002637086963868,
      0.4719097408176318,
      0.09594772801106358,
      0.13547198820859344,
      0.08482637483055608,
      0.2879974295876853,
      0.3224862565375479,
      0.2535555895358096,
      0.2278864759664422,
      0.2486138757129966,
      0.5739316910543291,
      0.340346430639629,
      0.5462409857318089,
      0.2124846415132193,
      0.1841719992440997,
      0.12627426065125633,
      0.13709876503336504,
      0.11545677223757422,
      0.3932471840709286,
      0.07726552692433676,
      0.2398954140530707,
      0.1271244230021259,
      0.040951013859882236,
      0.04885041112445963,
      0.04745152382734274,
      0.5853951757647177,
      0.29220969856070833,
      0.20893900644175264,
      0.11414573808530304,
      0.043560866484294906,
      0.09596100105782347,
      0.2549710708351143,
      0.13661071568212288,
      0.04721569614892756,
      0.04176302893823291,
      0.044968379061150664,
      0.12795798209554163,
      0.14399650499888456,
      0.2908595867168928,
      0.1109202283149482,
      0.2757185393522572,
      0.22445515453541684,
      0.09646285555484206,
      0.6500468900292073,
      0.556957196217013,
      0.21609496381172755
    ],
    "2": [
      0.14296239320451432,
      0.04660746411720889,
      0.04924155155722333,
      0.21787123583869938,
      0.17107575963994523,
      0.20553970395697818,
      0.21695352056659303,
      0.20418889212434235,
      0.21284790351295987,
      0.3004817447042755,
      0.25650634082042617,
      0.20722647784458192,
      0.18287511431981154,
      0.23728567018657773,
      0.1121875312832412,
      0.12165384620332698,
      0.07930281992246756,
      0.056717356446191275,
      0.060704465786271346,
      0.07610541967731135,
      0.11610488470073359,
      0.08053169651649109,
      0.2157756364601825,
      0.08600413760030771,
      0.06491508324819291,
      0.039987335409318044,
      0.05808143930588261,
      0.1395856850911601,
      0.022990274724501047,
      0.13574875324191932,
      0.026651798703052707,
      0.03126760536764979,
      0.07336980589837543,
      0.05026881759056919,
      0.11367698965790353,
      0.05546298301658687,
      0.12652231057458715,
      0.11087660678247184,
      0.06933257646190867,
      0.037970410241336426,
      0.07286626320837729,
      0.035124854265433186,
      0.025906969993205048,
      0.007146254942505933,
      0.02466999617259596,
      0.14329279284794272,
      0.11397955628817967,
      0.10609164215296973,
      0.11383040737339367,
      0.07690777595701022,
      0.07928219125346367,
      0.07623800951126962,
      0.11479827841687665,
      0.07630042165719386,
      0.12120145034132762,
      0.05149130607111844,
      0.0701049018125083,
      0.03458250051063493,
      0.06075523156603037,
      0.09143122803749362,
      0.11243946934750775,
      0.14005104330055573,
      0.1417261994274105,
      0.1364248894169637,
      0.023996546630109826,
      0.08002883766611686,
      0.03192203112372976,
      0.06334292282361055,
      0.09395103289271027,
      0.15821163476777445,
      0.14540327353438623,
      0.15101789553849435,
      0.049161555111242074,
      0.06337886280384628,
      0.019771144916613272,
      0.05717972503538691,
      0.07773927324145247,
      0.16060320257587296,
      0.16478217900319111,
      0.056857368974494234,
      0.04131040859343408,
      0.03175773315929526,
      0.04086418051799452,
      0.05655523578773165,
      0.1624158414516708,
      0.040971093307050184,
      0.054883164958605846,
      0.015287886778536415,
      0.056030066496120655,
      0.07195141555710054,
      0.058667190887296126,
      0.036464642221700955,
      0.023876304171885437,
      0.04931982757434707,
      0.04941996327777827,
      0.06405812861797261,
      0.012494863542931424,
      0.02937567132668416,
      0.05332051480750627,
      0.09645687470306574,
      0.07420558499725717,
      0.056784611262066374,
      0.1884452971254117,
      0.0758383463360153,
      0.11360203816970103
    ],