{
  "rerun": 1,
  "num_decoders": 3,
  "cluster_ids": [
    "Endo Ctla2a",
    "L2/3 IT ALM Macc1 Lrg1",
    "L2/3 IT ALM Ptrf",
    "L2/3 IT ALM Sla",
    "Endo Cytl1",
    "L2/3 IT VISp Adamts2",
    "CR Lhx5",
    "L2/3 IT VISp Rrad",
    "L2/3 IT VISp Agmat",
    "Astro Aqp4"
  ],
  "geodesic_distance_matrix": [
    [
      0.0,
      0.16954214870929718,
      0.1765434294939041,
      0.16859766840934753,
      0.11350957304239273,
      0.17287588119506836,
      0.11211825907230377,
      0.17844535410404205,
      0.16991199553012848,
      0.11240571737289429
    ],
    [
      0.16954214870929718,
      0.0,
      0.02921891212463379,
      0.021145982667803764,
      0.1682502180337906,
      0.02503293566405773,
      0.08112034201622009,
      0.032077595591545105,
      0.022300519049167633,
      0.17503337562084198
    ],
    [
      0.1765434294939041,
      0.02921891212463379,
      0.0,
      0.02678186632692814,
      0.17549531161785126,
      0.03313782066106796,
      0.08501314371824265,
      0.04358380660414696,
      0.02835499309003353,
      0.18202224373817444
    ],
    [
      0.16859766840934753,
      0.021145982667803764,
      0.02678186632692814,
      0.0,
      0.1674536168575287,
      0.024259375408291817,
      0.08007284998893738,
      0.031142354011535645,
      0.021457107737660408,
      0.17422211170196533
    ],
    [
      0.11350957304239273,
      0.1682502180337906,
      0.17549531161785126,
      0.1674536168575287,
      0.0,
      0.17175443470478058,
      0.11453050374984741,
      0.17790699005126953,
      0.16862505674362183,
      0.12347792834043503
    ],
    [
      0.17287588119506836,
      0.02503293566405773,
      0.03313782066106796,
      0.024259375408291817,
      0.17175443470478058,
      0.0,
      0.08352755010128021,
      0.03826570883393288,
      0.0244744922965765,
      0.17837846279144287
    ],
    [
      0.11211825907230377,
      0.08112034201622009,
      0.08501314371824265,
      0.08007284998893738,
      0.11453050374984741,
      0.08352755010128021,
      0.0,
      0.08812811970710754,
      0.08148365467786789,
      0.14718562364578247
    ],
    [
      0.17844535410404205,
      0.032077595591545105,
      0.04358380660414696,
      0.031142354011535645,
      0.17790699005126953,
      0.03826570883393288,
      0.08812811970710754,
      0.0,
      0.032487884163856506,
      0.18429774045944214
    ],
    [
      0.16991199553012848,
      0.022300519049167633,
      0.02835499309003353,
      0.021457107737660408,
      0.16862505674362183,
      0.0244744922965765,
      0.08148365467786789,
      0.032487884163856506,
      0.0,
      0.1753959059715271
    ],
    [
      0.11240571737289429,
      0.17503337562084198,
      0.18202224373817444,
      0.17422211170196533,
      0.12347792834043503,
      0.17837846279144287,
      0.14718562364578247,
      0.18429774045944214,
      0.1753959059715271,
      0.0
    ]
  ],
  "euclidean_distance_matrix": [
    [
      0.0,
      6.101841295690774,
      6.2149686010431076,
      6.0319219423575765,
      0.3181190388174762,
      6.086046391625082,
      3.2580322304062475,
      6.023816091926518,
      6.097710458762442,
      0.40364862654703093
    ],
    [
      6.101841295690774,
      0.0,
      0.3835564901979899,
      0.07235549834349238,
      6.035569576782721,
      0.21380787410527827,
      2.872624452876566,
      0.6019051577380422,
      0.02573205764947381,
      6.253789175505426
    ],
    [
      6.2149686010431076,
      0.3835564901979899,
      0.0,
      0.42464584287901447,
      6.1672561130420505,
      0.19844875356802322,
      3.0334353095432407,
      0.3055441208266174,
      0.3603588183562386,
      6.3884072034581605
    ],
    [
      6.0319219423575765,
      0.07235549834349238,
      0.42464584287901447,
      0.0,
      5.964783653954079,
      0.23685551528355928,
      2.8011630648888666,
      0.6119256341602268,
      0.0790703203538381,
      6.182865957474737
    ],
    [
      0.3181190388174762,
      6.035569576782721,
      6.1672561130420505,
      5.964783653954079,
      0.0,
      6.030772612677386,
      3.170357175048645,
      5.988684360540967,
      6.032746879939901,
      0.22552934533488272
    ],
    [
      6.086046391625082,
      0.21380787410527827,
      0.19844875356802322,
      0.23685551528355928,
      6.030772612677386,
      0.0,
      2.8831041787243046,
      0.3893682232998152,
      0.18815135162157212,
      6.250842070375173
    ],
    [
      3.2580322304062475,
      2.872624452876566,
      3.0334353095432407,
      2.8011630648888666,
      3.170357175048645,
      2.8831041787243046,
      0.0,
      2.8900718293728027,
      2.871196445099961,
      3.386020016075112
    ],
    [
      6.023816091926518,
      0.6019051577380422,
      0.3055441208266174,
      0.6119256341602268,
      5.988684360540967,
      0.3893682232998152,
      2.8900718293728027,
      0.0,
      0.57617644129306,
      6.211432868915058
    ],
    [
      6.097710458762442,
      0.02573205764947381,
      0.3603588183562386,
      0.0790703203538381,
      6.032746879939901,
      0.18815135162157212,
      2.871196445099961,
      0.57617644129306,
      0.0,
      6.25120185631111
    ],
    [
      0.40364862654703093,
      6.253789175505426,
      6.3884072034581605,
      6.182865957474737,
      0.22552934533488272,
      6.250842070375173,
      3.386020016075112,
      6.211432868915058,
      6.25120185631111,
      0.0
    ]
  ]
}