{
  "rerun": 0,
  "num_decoders": 2,
  "cluster_ids": [
    "Endo Ctla2a",
    "L2/3 IT ALM Macc1 Lrg1",
    "L2/3 IT ALM Ptrf",
    "L2/3 IT ALM Sla",
    "Endo Cytl1",
    "L2/3 IT VISp Adamts2",
    "CR Lhx5",
    "L2/3 IT VISp Rrad",
    "L2/3 IT VISp Agmat",
    "Astro Aqp4"
  ],
  "geodesic_distance_matrix": [
    [
      0.0,
      0.252918004989624,
      0.25026819109916687,
      0.24632592499256134,
      0.15587900578975677,
      0.2465653419494629,
      0.12747907638549805,
      0.2534121572971344,
      0.24789564311504364,
      0.18507415056228638
    ],
    [
      0.252918004989624,
      0.0,
      0.026732701808214188,
      0.026900267228484154,
      0.2498522251844406,
      0.02907751314342022,
      0.1319873034954071,
      0.029948392882943153,
      0.022988824173808098,
      0.23383831977844238
    ],
    [
      0.25026819109916687,
      0.026732701808214188,
      0.0,
      0.01968441531062126,
      0.2453700751066208,
      0.01714852824807167,
      0.12269894033670425,
      0.020769713446497917,
      0.010568700730800629,
      0.22359295189380646
    ],
    [
      0.24632592499256134,
      0.026900267228484154,
      0.01968441531062126,
      0.0,
      0.2427458018064499,
      0.019823415204882622,
      0.1231052428483963,
      0.022417275235056877,
      0.013791942968964577,
      0.22484555840492249
    ],
    [
      0.15587900578975677,
      0.2498522251844406,
      0.2453700751066208,
      0.2427458018064499,
      0.0,
      0.24169929325580597,
      0.12396752834320068,
      0.24848687648773193,
      0.24322791397571564,
      0.187547966837883
    ],
    [
      0.2465653419494629,
      0.02907751314342022,
      0.01714852824807167,
      0.019823415204882622,
      0.24169929325580597,
      0.0,
      0.13208387792110443,
      0.02025405876338482,
      0.013815966434776783,
      0.2155720740556717
    ],
    [
      0.12747907638549805,
      0.1319873034954071,
      0.12269894033670425,
      0.1231052428483963,
      0.12396752834320068,
      0.13208387792110443,
      0.0,
      0.12222739309072495,
      0.12378519028425217,
      0.1643781065940857
    ],
    [
      0.2534121572971344,
      0.029948392882943153,
      0.020769713446497917,
      0.022417275235056877,
      0.24848687648773193,
      0.02025405876338482,
      0.12222739309072495,
      0.0,
      0.014721776358783245,
      0.22485053539276123
    ],
    [
      0.24789564311504364,
      0.022988824173808098,
      0.010568700730800629,
      0.013791942968964577,
      0.24322791397571564,
      0.013815966434776783,
      0.12378519028425217,
      0.014721776358783245,
      0.0,
      0.22037921845912933
    ],
    [
      0.18507415056228638,
      0.23383831977844238,
      0.22359295189380646,
      0.22484555840492249,
      0.187547966837883,
      0.2155720740556717,
      0.1643781065940857,
      0.22485053539276123,
      0.22037921845912933,
      0.0
    ]
  ],
  "euclidean_distance_matrix": [
    [
      0.0,
      8.64249346011477,
      8.000158968025795,
      8.239120685947958,
      0.1827920238507753,
      7.53952829124796,
      3.773475850616195,
      8.031614441119308,
      7.8813062545963275,
      4.08599138434234
    ],
    [
      8.64249346011477,
      0.0,
      0.7294974887021968,
      0.40618208756524415,
      8.489433662586253,
      1.112615167864046,
      4.890856620396377,
      0.8065495023179902,
      0.782113976859662,
      9.104382901335773
    ],
    [
      8.000158968025795,
      0.7294974887021968,
      0.0,
      0.3771237381873472,
      7.851478686970406,
      0.4953966398481637,
      4.232188026563451,
      0.17622933822036801,
      0.19717506808334084,
      8.374939535042596
    ],
    [
      8.239120685947958,
      0.40618208756524415,
      0.3771237381873472,
      0.0,
      8.086662487486693,
      0.7064544026666569,
      4.485285403565866,
      0.5121689390362678,
      0.38067393654946174,
      8.723486963879877
    ],
    [
      0.1827920238507753,
      8.489433662586253,
      7.851478686970406,
      8.086662487486693,
      0.0,
      7.388411301954017,
      3.6300417712852204,
      7.885288152683082,
      7.730539284561663,
      4.169066875732006
    ],
    [
      7.53952829124796,
      1.112615167864046,
      0.4953966398481637,
      0.7064544026666569,
      7.388411301954017,
      0.0,
      3.780892124961493,
      0.6044300397804806,
      0.3429411631116266,
      8.063463703194419
    ],
    [
      3.773475850616195,
      4.890856620396377,
      4.232188026563451,
      4.485285403565866,
      3.6300417712852204,
      3.780892124961493,
      0.0,
      4.259246368853932,
      4.120447019634393,
      4.976268419553673
    ],
    [
      8.031614441119308,
      0.8065495023179902,
      0.17622933822036801,
      0.5121689390362678,
      7.885288152683082,
      0.6044300397804806,
      4.259246368853932,
      0.0,
      0.36236934043728286,
      8.318881281878001
    ],
    [
      7.8813062545963275,
      0.782113976859662,
      0.19717506808334084,
      0.38067393654946174,
      7.730539284561663,
      0.3429411631116266,
      4.120447019634393,
      0.36236934043728286,
      0.0,
      8.346869857209967
    ],
    [
      4.08599138434234,
      9.104382901335773,
      8.374939535042596,
      8.723486963879877,
      4.169066875732006,
      8.063463703194419,
      4.976268419553673,
      8.318881281878001,
      8.346869857209967,
      0.0
    ]
  ]
}