{
  "1": [
    0.014891016843627498,
    0.769546192378324,
    0.8624150055269578,
    0.07178997819657726,
    0.03857973534535687,
    0.06099481206771303,
    0.02354750666776888,
    0.043972086525743095,
    0.04674680356670684,
    0.046937679430375745,
    0.030627994137770682,
    0.18338787619792532,
    0.11862821454823883,
    0.17488169609130066,
    0.09330171048060149,
    0.1325559411604622,
    0.13614245715003753,
    0.2893101137630454,
    0.1170698907123523,
    0.08833325450592307,
    0.10779191335890594,
    0.07568700133445852,
    0.09208722323658225,
    0.1001443567519001,
    0.10793005831059602,
    0.07765647880574066,
    0.09867335315474736,
    0.06481018372954375,
    0.08183243533884095,
    0.08870469384672132,
    0.3182522629062338,
    0.614167231140201,
    0.6370870173490681,
    0.9161924330051825,
    0.127794737110461,
    0.012200078666962513,
    0.47714829421765176,
    0.21290096304281583,
    0.2880605618326257,
    0.45836074732239457,
    0.5948617776506901,
    0.03175943744698704,
    0.24737603770367986,
    0.2103929318035315,
    0.18672372015194566
  ],
  "2": [
    0.048904900787789106,
    0.16845391192379233,
    0.12242927994957416,
    0.08168909388911322,
    0.04628874393231069,
    0.06500037760592199,
    0.037314522561779626,
    0.052061594556259874,
    0.04777630396452294,
    0.01250640343277094,
    0.025011356945916913,
    0.16618240396202433,
    0.13131464054782196,
    0.13481259534449463,
    0.16503862099299785,
    0.13388425194676667,
    0.11319419860528702,
    0.056841557796552304,
    0.13124794656453978,
    0.10879920318101736,
    0.12154676172232268,
    0.11186271368420536,
    0.12056835328939187,
    0.11333883187671688,
    0.1328120115014691,
    0.1083419426963401,
    0.12157011080006094,
    0.1107393989562142,
    0.1188725227265265,
    0.11279826254314172,
    0.18266924967955558,
    0.052435755159093676,
    0.07924397762998586,
    0.15576430428237004,
    0.1451675275151497,
    0.3012031478556294,
    0.4056256876245544,
    0.5691782387429951,
    0.36389306802569854,
    0.24298943402660328,
    0.3703416742447233,
    0.2694390542719334,
    0.42427164825859126,
    0.33058528889403554,
    0.4641464275784995
  ],
  "3": [
    0.017111640438071833,
    0.14829947411013514,
    0.10672957694029467,
    0.09498908269985358,
    0.05265732270759188,
    0.08186779980876971,
    0.03807257991093788,
    0.06272514911201668,
    0.051473139088237876,
    0.0027656546257220373,
    0.0323278897127397,
    0.15573905268711943,
    0.07496879613899038,
    0.12621282813577528,
    0.0315542177672214,
    0.10011283404344534,
    0.05913202689617809,
    0.12559347090531514,
    0.08581797826015954,
    0.042835077492755294,
    0.07665403401244017,
    0.031607125529390774,
    0.051955890585911844,
    0.043730265395112926,
    0.07804624286329952,
    0.033455864279776634,
    0.06872120629107527,
    0.022976930929429595,
    0.04315002377700618,
    0.03327147118551843,
    0.0052688102549981125,
    0.13600333706071224,
    0.020633730326756142,
    0.06185977904711517,
    0.0030927696941420967,
    0.0868014560824549,
    0.23350934674223237,
    0.02356983624895649,
    0.09068217237389595,
    0.13313920374154273,
    0.08501601971277307,
    0.10079291423105649,
    0.1362736062066784,
    0.18595374440343015,
    0.003046795263406265
  ]
}