{
  "1": [
    0.19016908859020024,
    0.8201866331230676,
    0.8973606194303325,
    0.18560761440641918,
    0.13455842148164351,
    0.17043886110355197,
    0.1266301607920084,
    0.14355797135581197,
    0.1450380852708785,
    0.07330487345807964,
    0.06759667832278159,
    0.25996482200113147,
    0.16498958316686757,
    0.2311308109354683,
    0.13472210087816366,
    0.17867767721955669,
    0.1915112354385301,
    0.27016067748785316,
    0.1723137632409133,
    0.12558379743615186,
    0.1546628040445799,
    0.1066730904859478,
    0.12759098466055693,
    0.14284857425136485,
    0.16894066239611066,
    0.12014078374411302,
    0.15100790619797327,
    0.1011714561985992,
    0.12335662544753873,
    0.13670226970668992,
    0.3108035525424455,
    0.6975968668921307,
    0.6776173184456703,
    0.9362946024097976,
    0.14529706117000343,
    0.059270687996079534,
    0.42797400357239446,
    0.2926892969651783,
    0.26841260294279484,
    0.4978207236452385,
    0.656024916531832,
    0.0887434331076944,
    0.2914560726263778,
    0.2164044761464534,
    0.2278061116105969
  ],
  "2": [
    0.19016908859020024,
    0.8201866331230676,
    0.8973606194303325,
    0.18560761440641918,
    0.13455842148164351,
    0.17043886110355197,
    0.1266301607920084,
    0.14355797135581197,
    0.1450380852708785,
    0.07330487345807964,
    0.06759667832278159,
    0.25996482200113147,
    0.16498958316686757,
    0.2311308109354683,
    0.13472210087816366,
    0.17867767721955669,
    0.1915112354385301,
    0.27016067748785316,
    0.1723137632409133,
    0.12558379743615186,
    0.1546628040445799,
    0.1066730904859478,
    0.12759098466055693,
    0.14284857425136485,
    0.16894066239611066,
    0.12014078374411302,
    0.15100790619797327,
    0.1011714561985992,
    0.12335662544753873,
    0.13670226970668992,
    0.3108035525424455,
    0.6975968668921307,
    0.6776173184456703,
    0.9362946024097976,
    0.14529706117000343,
    0.059270687996079534,
    0.42797400357239446,
    0.2926892969651783,
    0.26841260294279484,
    0.4978207236452385,
    0.656024916531832,
    0.0887434331076944,
    0.2914560726263778,
    0.2164044761464534,
    0.2278061116105969
  ],
  "3": [
    0.19016908859020024,
    0.8201866331230676,
    0.8973606194303325,
    0.18560761440641918,
    0.13455842148164351,
    0.17043886110355197,
    0.1266301607920084,
    0.14355797135581197,
    0.1450380852708785,
    0.07330487345807964,
    0.06759667832278159,
    0.25996482200113147,
    0.16498958316686757,
    0.2311308109354683,
    0.13472210087816366,
    0.17867767721955669,
    0.1915112354385301,
    0.27016067748785316,
    0.1723137632409133,
    0.12558379743615186,
    0.1546628040445799,
    0.1066730904859478,
    0.12759098466055693,
    0.14284857425136485,
    0.16894066239611066,
    0.12014078374411302,
    0.15100790619797327,
    0.1011714561985992,
    0.12335662544753873,
    0.13670226970668992,
    0.3108035525424455,
    0.6975968668921307,
    0.6776173184456703,
    0.9362946024097976,
    0.14529706117000343,
    0.059270687996079534,
    0.42797400357239446,
    0.2926892969651783,
    0.26841260294279484,
    0.4978207236452385,
    0.656024916531832,
    0.0887434331076944,
    0.2914560726263778,
    0.2164044761464534,
    0.2278061116105969
  ]
}