{
  "1": [
    0.3148258506925472,
    0.29507872950999775,
    0.3312454639724296,
    0.23391068924458433,
    0.24374350664402786,
    0.21633094620123003,
    0.18197237919538503,
    0.2048444829881861,
    0.18655951927661704,
    0.19367562596913812,
    0.20801625838224558,
    0.31046838492456713,
    0.28310212139677476,
    0.29159398713147666,
    0.26149819147927433,
    0.25324487669711426,
    0.2901558846362644,
    0.25276602360967754,
    0.14840926366077936,
    0.15182339372869308,
    0.13355327180265503,
    0.12102711663152539,
    0.12675958020608288,
    0.13570443674654895,
    0.15875889078544894,
    0.15364706646834264,
    0.14186402720697808,
    0.12237864121029106,
    0.12453748793343833,
    0.1406976334992068,
    0.761178360079354,
    0.6159292251686149,
    0.44556868348805473,
    0.4298004768365834,
    0.5884981113378012,
    0.6505338944159307,
    0.5290556754947835,
    0.5153077321704347,
    0.509213400090219,
    0.5456794659396922,
    0.43344712228282956,
    0.7151705424079525,
    0.5485075656757499,
    0.8513302776814139,
    0.6670138862823215
  ],
  "2": [
    0.3148258506925472,
    0.29507872950999775,
    0.3312454639724296,
    0.23391068924458433,
    0.24374350664402786,
    0.21633094620123003,
    0.18197237919538503,
    0.2048444829881861,
    0.18655951927661704,
    0.19367562596913812,
    0.20801625838224558,
    0.31046838492456713,
    0.28310212139677476,
    0.29159398713147666,
    0.26149819147927433,
    0.25324487669711426,
    0.2901558846362644,
    0.25276602360967754,
    0.14840926366077936,
    0.15182339372869308,
    0.13355327180265503,
    0.12102711663152539,
    0.12675958020608288,
    0.13570443674654895,
    0.15875889078544894,
    0.15364706646834264,
    0.14186402720697808,
    0.12237864121029106,
    0.12453748793343833,
    0.1406976334992068,
    0.761178360079354,
    0.6159292251686149,
    0.44556868348805473,
    0.4298004768365834,
    0.5884981113378012,
    0.6505338944159307,
    0.5290556754947835,
    0.5153077321704347,
    0.509213400090219,
    0.5456794659396922,
    0.43344712228282956,
    0.7151705424079525,
    0.5485075656757499,
    0.8513302776814139,
    0.6670138862823215
  ],
  "3": [
    0.3148258506925472,
    0.29507872950999775,
    0.3312454639724296,
    0.23391068924458433,
    0.24374350664402786,
    0.21633094620123003,
    0.18197237919538503,
    0.2048444829881861,
    0.18655951927661704,
    0.19367562596913812,
    0.20801625838224558,
    0.31046838492456713,
    0.28310212139677476,
    0.29159398713147666,
    0.26149819147927433,
    0.25324487669711426,
    0.2901558846362644,
    0.25276602360967754,
    0.14840926366077936,
    0.15182339372869308,
    0.13355327180265503,
    0.12102711663152539,
    0.12675958020608288,
    0.13570443674654895,
    0.15875889078544894,
    0.15364706646834264,
    0.14186402720697808,
    0.12237864121029106,
    0.12453748793343833,
    0.1406976334992068,
    0.761178360079354,
    0.6159292251686149,
    0.44556868348805473,
    0.4298004768365834,
    0.5884981113378012,
    0.6505338944159307,
    0.5290556754947835,
    0.5153077321704347,
    0.509213400090219,
    0.5456794659396922,
    0.43344712228282956,
    0.7151705424079525,
    0.5485075656757499,
    0.8513302776814139,
    0.6670138862823215
  ],
  "4": [
    0.3148258506925472,
    0.29507872950999775,
    0.3312454639724296,
    0.23391068924458433,
    0.24374350664402786,
    0.21633094620123003,
    0.18197237919538503,
    0.2048444829881861,
    0.18655951927661704,
    0.19367562596913812,
    0.20801625838224558,
    0.31046838492456713,
    0.28310212139677476,
    0.29159398713147666,
    0.26149819147927433,
    0.25324487669711426,
    0.2901558846362644,
    0.25276602360967754,
    0.14840926366077936,
    0.15182339372869308,
    0.13355327180265503,
    0.12102711663152539,
    0.12675958020608288,
    0.13570443674654895,
    0.15875889078544894,
    0.15364706646834264,
    0.14186402720697808,
    0.12237864121029106,
    0.12453748793343833,
    0.1406976334992068,
    0.761178360079354,
    0.6159292251686149,
    0.44556868348805473,
    0.4298004768365834,
    0.5884981113378012,
    0.6505338944159307,
    0.5290556754947835,
    0.5153077321704347,
    0.509213400090219,
    0.5456794659396922,
    0.43344712228282956,
    0.7151705424079525,
    0.5485075656757499,
    0.8513302776814139,
    0.6670138862823215
  ],
  "5": [
    0.3148258506925472,
    0.29507872950999775,
    0.3312454639724296,
    0.23391068924458433,
    0.24374350664402786,
    0.21633094620123003,
    0.18197237919538503,
    0.2048444829881861,
    0.18655951927661704,
    0.19367562596913812,
    0.20801625838224558,
    0.31046838492456713,
    0.28310212139677476,
    0.29159398713147666,
    0.26149819147927433,
    0.25324487669711426,
    0.2901558846362644,
    0.25276602360967754,
    0.14840926366077936,
    0.15182339372869308,
    0.13355327180265503,
    0.12102711663152539,
    0.12675958020608288,
    0.13570443674654895,
    0.15875889078544894,
    0.15364706646834264,
    0.14186402720697808,
    0.12237864121029106,
    0.12453748793343833,
    0.1406976334992068,
    0.761178360079354,
    0.6159292251686149,
    0.44556868348805473,
    0.4298004768365834,
    0.5884981113378012,
    0.6505338944159307,
    0.5290556754947835,
    0.5153077321704347,
    0.509213400090219,
    0.5456794659396922,
    0.43344712228282956,
    0.7151705424079525,
    0.5485075656757499,
    0.8513302776814139,
    0.6670138862823215
  ],
  "6": [
    0.3148258506925472,
    0.29507872950999775,
    0.3312454639724296,
    0.23391068924458433,
    0.24374350664402786,
    0.21633094620123003,
    0.18197237919538503,
    0.2048444829881861,
    0.18655951927661704,
    0.19367562596913812,
    0.20801625838224558,
    0.31046838492456713,
    0.28310212139677476,
    0.29159398713147666,
    0.26149819147927433,
    0.25324487669711426,
    0.2901558846362644,
    0.25276602360967754,
    0.14840926366077936,
    0.15182339372869308,
    0.13355327180265503,
    0.12102711663152539,
    0.12675958020608288,
    0.13570443674654895,
    0.15875889078544894,
    0.15364706646834264,
    0.14186402720697808,
    0.12237864121029106,
    0.12453748793343833,
    0.1406976334992068,
    0.761178360079354,
    0.6159292251686149,
    0.44556868348805473,
    0.4298004768365834,
    0.5884981113378012,
    0.6505338944159307,
    0.5290556754947835,
    0.5153077321704347,
    0.509213400090219,
    0.5456794659396922,
    0.43344712228282956,
    0.7151705424079525,
    0.5485075656757499,
    0.8513302776814139,
    0.6670138862823215
  ]
}