{
  "1": [
    0.3133069634659316,
    0.22630819709631006,
    0.23648408545464195,
    0.20099645316067474,
    0.21096952959198795,
    0.20058637590338038,
    0.18761960763515906,
    0.2042852914387432,
    0.1846505034754698,
    0.20822062789757892,
    0.23593007307231498,
    0.3218540275093859,
    0.3209904485621364,
    0.31853908915041684,
    0.3141866028591827,
    0.3124754777406863,
    0.30393823070567266,
    0.16400293677981517,
    0.18738773245486173,
    0.17909441243476604,
    0.18571422897978646,
    0.20115466288328224,
    0.1801774819799899,
    0.20065714303543136,
    0.1958599992493682,
    0.17507602491545396,
    0.1985060515505174,
    0.19934321501247051,
    0.19900656510655218,
    0.20485098704123744,
    0.48965458819149954,
    0.6084009769860584,
    0.21959704117189946,
    0.3154323087123296,
    0.23409932824909502,
    0.34642068392782893,
    0.12494656315220595,
    0.181459459847099,
    0.16062066638068356,
    0.1275246858634453,
    0.2542446863402605,
    0.21861620231886522,
    0.24204835544958267,
    0.29623974029688094,
    0.2446614287741033
  ],
  "2": [
    0.27867391955449433,
    0.206583884965667,
    0.22521335104108772,
    0.18823943393460008,
    0.1706215787275284,
    0.18001317314572116,
    0.16408591131312658,
    0.18781660033227157,
    0.1678072663363009,
    0.22050008074329736,
    0.2565366740516307,
    0.31941144074053845,
    0.3300584784483543,
    0.30668248620401356,
    0.3123656848729876,
    0.33365390980829684,
    0.3164450937595778,
    0.4476438720514513,
    0.19123361955264995,
    0.19227029818069863,
    0.18773825052548435,
    0.18797717970794534,
    0.1760650234734737,
    0.1797324755763082,
    0.19377377916098049,
    0.19167633227646552,
    0.19022350130275037,
    0.1967006599101347,
    0.18367258613005413,
    0.18675595343645493,
    0.42228918097303814,
    0.5254169344038309,
    0.20901856724819035,
    0.2158511040362879,
    0.1869991933466611,
    0.2433364450894626,
    0.12344144816245932,
    0.21080219249543536,
    0.13303325960374182,
    0.19836710227741075,
    0.208824923092211,
    0.15185413835652697,
    0.2501442911733036,
    0.36266678348779824,
    0.23937097682401198
  ],
  "3": [
    0.34476411126844864,
    0.2135590977759406,
    0.2237137017352383,
    0.17875949369520686,
    0.18300738443630152,
    0.18736136181090168,
    0.15727560670778676,
    0.17577647491513645,
    0.16840963237252893,
    0.24067775233657857,
    0.2544850070425295,
    0.3002502697846899,
    0.27405430708496425,
    0.2934701831516074,
    0.28325229251289874,
    0.31167876133255823,
    0.2853822314654628,
    0.3105549632421735,
    0.1665692501449463,
    0.16046481781797142,
    0.16125388984285158,
    0.1722218900384337,
    0.14340586148153445,
    0.1635844829710608,
    0.1826813933651709,
    0.17193703691612416,
    0.16530254852100837,
    0.17371054945572523,
    0.16044697956707077,
    0.17606011851990547,
    0.3108484378078285,
    0.5304189757579052,
    0.15915148758183703,
    0.21348041700267525,
    0.1537542638312,
    0.22378075825558924,
    0.14522831853337714,
    0.2194088461193509,
    0.1503946796777876,
    0.1785006897879291,
    0.20300665496034404,
    0.1369480116999205,
    0.2575582110721359,
    0.23798660622959075,
    0.20065336806616482
  ],
  "4": [
    0.34142345178422007,
    0.25427646389989816,
    0.2554767782197605,
    0.1744708984392062,
    0.15180607813110528,
    0.1662565798388977,
    0.13518409381501437,
    0.14797470861154277,
    0.1367287555589942,
    0.24876580280667698,
    0.2736682915843369,
    0.30635820935510666,
    0.31215561861312746,
    0.296030565450167,
    0.28714813329362904,
    0.3102450704558557,
    0.29967189450599935,
    0.29392680977597113,
    0.19096137546530945,
    0.18309881078157256,
    0.1931194205129992,
    0.1855132490739391,
    0.17272203132953845,
    0.16604729161480228,
    0.18371389772727734,
    0.18962182283622075,
    0.17707672051725953,
    0.1804729303091004,
    0.16383921586208428,
    0.17925617909849798,
    0.44149198836418524,
    0.47324414014065386,
    0.2060073027029687,
    0.46401464367382755,
    0.13389279223615844,
    0.26574639066452904,
    0.1536493146270824,
    0.19057743192548207,
    0.12599621900083988,
    0.2888358982735904,
    0.40574626624554744,
    0.16605535381883577,
    0.2831044245970132,
    0.3027778490960333,
    0.3056951750870979
  ],
  "5": [
    0.3519789331977086,
    0.2560103393943806,
    0.25427830968550624,
    0.13798871478159117,
    0.14052426836083895,
    0.14233252932974275,
    0.13235959287832033,
    0.12150532409366492,
    0.13312569720994152,
    0.25779139252380856,
    0.2508000378627051,
    0.31332762083026766,
    0.30417365363872984,
    0.2995033797227267,
    0.2905147584435988,
    0.3347942358452712,
    0.3192349784694345,
    0.41688007269906824,
    0.1726673069117647,
    0.18797615363327774,
    0.15908073114054752,
    0.1731601402975057,
    0.1470354643725694,
    0.15598930600249744,
    0.19363142617752616,
    0.18163235666616637,
    0.17053010986964873,
    0.16818268585719057,
    0.18177954442482464,
    0.16950782732358105,
    0.27005527216775993,
    0.35662122841337973,
    0.19129231016387502,
    0.27016137829422276,
    0.18875297672096233,
    0.29777393292705484,
    0.13977376475305497,
    0.1702973990566582,
    0.14106857469940431,
    0.18381021789175378,
    0.24513767795438623,
    0.18133437948165898,
    0.24868800199504373,
    0.22005330731103154,
    0.21645196455685528
  ],
  "6": [
    0.3308484779051952,
    0.26545581072697294,
    0.2612320870105344,
    0.1845584485120773,
    0.1576045637915622,
    0.16938244934648145,
    0.155533102747668,
    0.14531578726293132,
    0.1532874267150981,
    0.25231274106594254,
    0.2542775841676194,
    0.33949338335966994,
    0.31043160271538434,
    0.3122556870759027,
    0.3010371332974086,
    0.30494292208842966,
    0.3113757412839709,
    0.419512419045325,
    0.1633416373992524,
    0.15845741238567454,
    0.15478629021985746,
    0.15204950398269448,
    0.16547457232275628,
    0.149541677158905,
    0.16938039454445575,
    0.16694392138865902,
    0.16935226208372484,
    0.16823811335501998,
    0.166205886624512,
    0.1519481213145964,
    0.3521756389841371,
    0.39569345828427893,
    0.28079809293268226,
    0.33464155945352897,
    0.25503789648781716,
    0.2160179015622469,
    0.2565803481847767,
    0.31937538135632804,
    0.18836898327558071,
    0.29070876268542,
    0.3312960298595711,
    0.24383667817452534,
    0.38411373594699466,
    0.5332257515685187,
    0.28249246873669565
  ]
}