{
  "1": [
    0.19016907634486171,
    0.8201869351840209,
    0.8973611808799713,
    0.18560761440641918,
    0.1345584022211183,
    0.17043882983870548,
    0.1266301026047397,
    0.14355789680879633,
    0.1450381043095732,
    0.0733048370653435,
    0.06759659872417097,
    0.259964828760631,
    0.16498962139554493,
    0.23113072033579415,
    0.13472213183531206,
    0.17867771741306196,
    0.1915112751735686,
    0.270162126268262,
    0.1723137632409133,
    0.12558389385656432,
    0.15466274755421622,
    0.10667305175709789,
    0.12759095490187958,
    0.14284857425136485,
    0.16894058564647987,
    0.12014080549888399,
    0.15100782807885782,
    0.10117137794057082,
    0.1233565779806654,
    0.13670229937752937,
    0.3108037244086272,
    0.6975968504078727,
    0.6776175083180885,
    0.9362948728739363,
    0.1452973881485876,
    0.05927137497607601,
    0.42797443309644295,
    0.29268850232445315,
    0.26841400926230324,
    0.4978204299953025,
    0.6560252435212223,
    0.0887437204954555,
    0.2914554399908241,
    0.2164041570034338,
    0.2278065782365444
  ],
  "2": [
    0.19016907634486171,
    0.8201869351840209,
    0.8973611808799713,
    0.18560761440641918,
    0.1345584022211183,
    0.17043882983870548,
    0.1266301026047397,
    0.14355789680879633,
    0.1450381043095732,
    0.0733048370653435,
    0.06759659872417097,
    0.259964828760631,
    0.16498962139554493,
    0.23113072033579415,
    0.13472213183531206,
    0.17867771741306196,
    0.1915112751735686,
    0.270162126268262,
    0.1723137632409133,
    0.12558389385656432,
    0.15466274755421622,
    0.10667305175709789,
    0.12759095490187958,
    0.14284857425136485,
    0.16894058564647987,
    0.12014080549888399,
    0.15100782807885782,
    0.10117137794057082,
    0.1233565779806654,
    0.13670229937752937,
    0.3108037244086272,
    0.6975968504078727,
    0.6776175083180885,
    0.9362948728739363,
    0.1452973881485876,
    0.05927137497607601,
    0.42797443309644295,
    0.29268850232445315,
    0.26841400926230324,
    0.4978204299953025,
    0.6560252435212223,
    0.0887437204954555,
    0.2914554399908241,
    0.2164041570034338,
    0.2278065782365444
  ]
}