{
  "1": [
    0.014892186869358953,
    0.7695469367300889,
    0.862416122489065,
    0.07177408135587884,
    0.0385857908115026,
    0.06097710316686997,
    0.02354760106631435,
    0.04396667431469688,
    0.046778273384279444,
    0.0469387439641767,
    0.030626873377303854,
    0.1834635850822202,
    0.11891802643038951,
    0.17469787800962094,
    0.0933022434893236,
    0.1325453097496687,
    0.13599092233792387,
    0.28930916063342654,
    0.11733722989254068,
    0.08833307455904349,
    0.1077725918232721,
    0.07568690392491173,
    0.0921096163085595,
    0.10032755669293286,
    0.1078102650473832,
    0.07772655751970016,
    0.09867317938885853,
    0.06481095514895041,
    0.08186116796606323,
    0.08870676414776321,
    0.3182328935475352,
    0.6141735316402637,
    0.637031528621898,
    0.9161789644816374,
    0.1277644638629258,
    0.012131708085698191,
    0.4771204446789054,
    0.21290104005885924,
    0.2880682623990365,
    0.45837752282693867,
    0.5948491270084139,
    0.031802196354786046,
    0.24680199607446174,
    0.21039220518614657,
    0.1867085312595254
  ],
  "2": [
    0.04890490543791422,
    0.16845414020265057,
    0.12243001339125509,
    0.08168913116940923,
    0.04628881043366537,
    0.06499990101070366,
    0.03731407388286583,
    0.052059461630262614,
    0.04777634034206495,
    0.012506344996391396,
    0.0250137807167004,
    0.16618255212756294,
    0.13131464054782196,
    0.13481321886693512,
    0.16503867586452362,
    0.13388401979069764,
    0.11319443930807088,
    0.056842205865980426,
    0.13124798426320658,
    0.10879855598570787,
    0.12154682132229354,
    0.11186280320226206,
    0.12056553954799015,
    0.11333888992344364,
    0.13281420195466587,
    0.10834178536275318,
    0.12157004708104703,
    0.11074063973421931,
    0.11887233098867836,
    0.11279818828407195,
    0.18266873960682475,
    0.05243564125949678,
    0.0792435956958308,
    0.1557641643856156,
    0.14516758925947523,
    0.3012031048353048,
    0.40562484679090993,
    0.5691769414371303,
    0.3638928270864195,
    0.24299019518407552,
    0.37034222776268294,
    0.2694392003737549,
    0.4242718799465541,
    0.33057844294784805,
    0.4641490980241952
  ]
}