{
  "1": [
    0.025887875388129002,
    0.810034211426229,
    0.0855153958733114,
    0.007616489019085984,
    0.03600191489493896,
    0.0019495801561357138,
    0.020664235302151297,
    0.019790981287200294,
    0.04472157951478869,
    0.07262386359207525,
    0.09400318265225852,
    0.008400172343834316,
    0.09857856508391903,
    0.01997114823836957,
    0.06153805372202143,
    0.0664060459390323,
    0.10770775269486134,
    0.27245707371938477,
    0.030220919565258905,
    0.07204479684993877,
    0.035571758962922875,
    0.05718083216415761,
    0.05651275180212191,
    0.0792445330748489,
    0.04123684973667504,
    0.08470207875569699,
    0.04679384354546322,
    0.069397223243111,
    0.06878122624871018,
    0.09194400792024164,
    0.1251238911466,
    0.19495784643842312,
    0.024629873740211895,
    0.1187266220746134,
    0.19117270775532214,
    0.15608955402022298,
    0.25199621269119166,
    0.2583926290618284,
    0.5249722795209331,
    0.036256618343062555,
    0.16644305829351547,
    0.18849461751122593,
    0.009994075424378425,
    0.4171804596818935,
    0.2496446238816327
  ],
  "2": [
    0.025887875388129002,
    0.810034211426229,
    0.0855153958733114,
    0.007616489019085984,
    0.03600191489493896,
    0.0019495801561357138,
    0.020664235302151297,
    0.019790981287200294,
    0.04472157951478869,
    0.07262386359207525,
    0.09400318265225852,
    0.008400172343834316,
    0.09857856508391903,
    0.01997114823836957,
    0.06153805372202143,
    0.0664060459390323,
    0.10770775269486134,
    0.27245707371938477,
    0.030220919565258905,
    0.07204479684993877,
    0.035571758962922875,
    0.05718083216415761,
    0.05651275180212191,
    0.0792445330748489,
    0.04123684973667504,
    0.08470207875569699,
    0.04679384354546322,
    0.069397223243111,
    0.06878122624871018,
    0.09194400792024164,
    0.1251238911466,
    0.19495784643842312,
    0.024629873740211895,
    0.1187266220746134,
    0.19117270775532214,
    0.15608955402022298,
    0.25199621269119166,
    0.2583926290618284,
    0.5249722795209331,
    0.036256618343062555,
    0.16644305829351547,
    0.18849461751122593,
    0.009994075424378425,
    0.4171804596818935,
    0.2496446238816327
  ],
  "3": [
    0.025887875388129002,
    0.810034211426229,
    0.0855153958733114,
    0.007616489019085984,
    0.03600191489493896,
    0.0019495801561357138,
    0.020664235302151297,
    0.019790981287200294,
    0.04472157951478869,
    0.07262386359207525,
    0.09400318265225852,
    0.008400172343834316,
    0.09857856508391903,
    0.01997114823836957,
    0.06153805372202143,
    0.0664060459390323,
    0.10770775269486134,
    0.27245707371938477,
    0.030220919565258905,
    0.07204479684993877,
    0.035571758962922875,
    0.05718083216415761,
    0.05651275180212191,
    0.0792445330748489,
    0.04123684973667504,
    0.08470207875569699,
    0.04679384354546322,
    0.069397223243111,
    0.06878122624871018,
    0.09194400792024164,
    0.1251238911466,
    0.19495784643842312,
    0.024629873740211895,
    0.1187266220746134,
    0.19117270775532214,
    0.15608955402022298,
    0.25199621269119166,
    0.2583926290618284,
    0.5249722795209331,
    0.036256618343062555,
    0.16644305829351547,
    0.18849461751122593,
    0.009994075424378425,
    0.4171804596818935,
    0.2496446238816327
  ],
  "4": [
    0.025887875388129002,
    0.810034211426229,
    0.0855153958733114,
    0.007616489019085984,
    0.03600191489493896,
    0.0019495801561357138,
    0.020664235302151297,
    0.019790981287200294,
    0.04472157951478869,
    0.07262386359207525,
    0.09400318265225852,
    0.008400172343834316,
    0.09857856508391903,
    0.01997114823836957,
    0.06153805372202143,
    0.0664060459390323,
    0.10770775269486134,
    0.27245707371938477,
    0.030220919565258905,
    0.07204479684993877,
    0.035571758962922875,
    0.05718083216415761,
    0.05651275180212191,
    0.0792445330748489,
    0.04123684973667504,
    0.08470207875569699,
    0.04679384354546322,
    0.069397223243111,
    0.06878122624871018,
    0.09194400792024164,
    0.1251238911466,
    0.19495784643842312,
    0.024629873740211895,
    0.1187266220746134,
    0.19117270775532214,
    0.15608955402022298,
    0.25199621269119166,
    0.2583926290618284,
    0.5249722795209331,
    0.036256618343062555,
    0.16644305829351547,
    0.18849461751122593,
    0.009994075424378425,
    0.4171804596818935,
    0.2496446238816327
  ],
  "5": [
    0.025887875388129002,
    0.810034211426229,
    0.0855153958733114,
    0.007616489019085984,
    0.03600191489493896,
    0.0019495801561357138,
    0.020664235302151297,
    0.019790981287200294,
    0.04472157951478869,
    0.07262386359207525,
    0.09400318265225852,
    0.008400172343834316,
    0.09857856508391903,
    0.01997114823836957,
    0.06153805372202143,
    0.0664060459390323,
    0.10770775269486134,
    0.27245707371938477,
    0.030220919565258905,
    0.07204479684993877,
    0.035571758962922875,
    0.05718083216415761,
    0.05651275180212191,
    0.0792445330748489,
    0.04123684973667504,
    0.08470207875569699,
    0.04679384354546322,
    0.069397223243111,
    0.06878122624871018,
    0.09194400792024164,
    0.1251238911466,
    0.19495784643842312,
    0.024629873740211895,
    0.1187266220746134,
    0.19117270775532214,
    0.15608955402022298,
    0.25199621269119166,
    0.2583926290618284,
    0.5249722795209331,
    0.036256618343062555,
    0.16644305829351547,
    0.18849461751122593,
    0.009994075424378425,
    0.4171804596818935,
    0.2496446238816327
  ],
  "6": [
    0.025887875388129002,
    0.810034211426229,
    0.0855153958733114,
    0.007616489019085984,
    0.03600191489493896,
    0.0019495801561357138,
    0.020664235302151297,
    0.019790981287200294,
    0.04472157951478869,
    0.07262386359207525,
    0.09400318265225852,
    0.008400172343834316,
    0.09857856508391903,
    0.01997114823836957,
    0.06153805372202143,
    0.0664060459390323,
    0.10770775269486134,
    0.27245707371938477,
    0.030220919565258905,
    0.07204479684993877,
    0.035571758962922875,
    0.05718083216415761,
    0.05651275180212191,
    0.0792445330748489,
    0.04123684973667504,
    0.08470207875569699,
    0.04679384354546322,
    0.069397223243111,
    0.06878122624871018,
    0.09194400792024164,
    0.1251238911466,
    0.19495784643842312,
    0.024629873740211895,
    0.1187266220746134,
    0.19117270775532214,
    0.15608955402022298,
    0.25199621269119166,
    0.2583926290618284,
    0.5249722795209331,
    0.036256618343062555,
    0.16644305829351547,
    0.18849461751122593,
    0.009994075424378425,
    0.4171804596818935,
    0.2496446238816327
  ],
  "7": [
    0.025887875388129002,
    0.810034211426229,
    0.0855153958733114,
    0.007616489019085984,
    0.03600191489493896,
    0.0019495801561357138,
    0.020664235302151297,
    0.019790981287200294,
    0.04472157951478869,
    0.07262386359207525,
    0.09400318265225852,
    0.008400172343834316,
    0.09857856508391903,
    0.01997114823836957,
    0.06153805372202143,
    0.0664060459390323,
    0.10770775269486134,
    0.27245707371938477,
    0.030220919565258905,
    0.07204479684993877,
    0.035571758962922875,
    0.05718083216415761,
    0.05651275180212191,
    0.0792445330748489,
    0.04123684973667504,
    0.08470207875569699,
    0.04679384354546322,
    0.069397223243111,
    0.06878122624871018,
    0.09194400792024164,
    0.1251238911466,
    0.19495784643842312,
    0.024629873740211895,
    0.1187266220746134,
    0.19117270775532214,
    0.15608955402022298,
    0.25199621269119166,
    0.2583926290618284,
    0.5249722795209331,
    0.036256618343062555,
    0.16644305829351547,
    0.18849461751122593,
    0.009994075424378425,
    0.4171804596818935,
    0.2496446238816327
  ],