{
  "1": [
    0.13823104508858367,
    0.8670281976718274,
    0.006405487689098151,
    0.13236928402208875,
    0.163441789739417,
    0.13687360034584758,
    0.1518441270943738,
    0.1487986602748317,
    0.1729188362317336,
    0.19109138384942162,
    0.21028817638362995,
    0.13702773121921752,
    0.23643569691261787,
    0.1492693100744114,
    0.19553813517327123,
    0.1840862837695209,
    0.2648181681290316,
    0.13935560027265295,
    0.17264803978488427,
    0.20117966884758678,
    0.17632089363181616,
    0.19010655452842307,
    0.18709059685653823,
    0.20979620746751793,
    0.18577570627101225,
    0.21551098867173787,
    0.18951844843624185,
    0.20400581363460646,
    0.20082413440393004,
    0.22425701971238843,
    0.11587024952278184,
    0.4906856165069558,
    0.15097937578861348,
    0.056185718629376095,
    0.26985731834683,
    0.20622439498706013,
    0.0568529060264309,
    0.28797042345973234,
    0.8251608582809898,
    0.3171229544936018,
    0.10464079979505228,
    0.2469178733315952,
    0.5677592302933677,
    0.5559048655633602,
    0.3528959335659854
  ],
  "2": [
    0.2124826647376078,
    0.2389861444302492,
    0.22494126051252733,
    0.21050330293101574,
    0.2206794519889573,
    0.2718177325452093,
    0.23426260730486922,
    0.19690511692692403,
    0.22942763396031474,
    0.24795815255718354,
    0.21038385227985684,
    0.13259639711792762,
    0.10795890354645911,
    0.11060115805688261,
    0.1534599616903432,
    0.12040514089386296,
    0.17567325212610857,
    0.24858026486031062,
    0.2106297601727263,
    0.21811640348774858,
    0.2517409333733995,
    0.19044978525011233,
    0.2736928862122411,
    0.25986308124611107,
    0.2889918417530033,
    0.2792126970518482,
    0.23873379422228458,
    0.26433480826604044,
    0.2498244123865057,
    0.2731264934153674,
    0.19926356755493374,
    0.28168321342219577,
    0.3224066378659738,
    0.1315542335320678,
    0.2437184712008407,
    0.3663422953013773,
    0.41442741258896254,
    0.24208282882655913,
    0.09219131095079902,
    0.24995480202111273,
    0.2877625418610901,
    0.2480871082569236,
    0.26481401961175677,
    0.2169657877562462,
    0.2005016158310404
  ],
  "3": [
    0.20306465552394345,
    0.15727113850916177,
    0.15639384428552583,
    0.1951617544560398,
    0.1626771925025838,
    0.1876948739065901,
    0.17770293609082932,
    0.19836725649708006,
    0.21409189707285273,
    0.21380715409449835,
    0.23439132750200373,
    0.1336756657915436,
    0.15184774084717934,
    0.1369931878536627,
    0.1737088180675383,
    0.1961553273038497,
    0.19704892479909608,
    0.2121521748177976,
    0.2993952457719515,
    0.24560659556180772,
    0.22419004339215257,
    0.23994104555791382,
    0.20123318233572113,
    0.2316414762098899,
    0.20533149969081071,
    0.23667984232127737,
    0.2862226559471204,
    0.2409089934803364,
    0.23011517649790827,
    0.23788848474087382,
    0.27504278981560026,
    0.3644889429798373,
    0.47081823290286257,
    0.325774302231718,
    0.4071814115736166,
    0.20917962647499094,
    0.35435362528778547,
    0.33121273988677524,
    0.25978854385999994,
    0.16964261192469235,
    0.3470584820598464,
    0.2887894509541697,
    0.28188549907804483,
    0.19374041807896902,
    0.3991508009971983
  ],
  "4": [
    0.04066219630177183,
    0.11953703123882357,
    0.02017608954943663,
    0.10844930607329255,
    0.020975172472826993,
    0.030590434677088954,
    0.05292655410153371,
    0.0032720470508772097,
    0.028311606991359293,
    0.07996791979344213,
    0.11328974201098743,
    0.06676857925219506,
    0.01197020090414216,
    0.11795146076258833,
    0.144534634656385,
    0.0011074324991607795,
    0.035044801321450395,
    0.033851988095264234,
    0.09531359884537186,
    0.10113462255533044,
    0.08631085770375196,
    0.18576142092077064,
    0.13605506236403292,
    0.010207104157287622,
    0.09074704114403853,
    0.07374670220648988,
    0.00294288726297163,
    0.150749085621687,
    0.17252872876600409,
    0.10790278281518509,
    0.10925253282316243,
    0.02634512638260457,
    0.016774883876076847,
    0.037947410040247286,
    0.2027247005730928,
    0.1834946656497884,
    0.10869228436650609,
    0.1517419323380653,
    0.04887491131369266,
    0.11562386863643062,
    0.08653073261685605,
    0.08171032270999411,
    0.07696430287414828,
    0.05489731327893432,
    0.07056989825307311
  ],
  "5": [
    0.13740464179557807,
    0.06904459075403571,
    0.1966057329729082,
    0.23413321688371244,
    0.15822790192223993,
    0.14702573834684612,
    0.22961316761182746,
    0.1622885125775854,
    0.20573311480891085,
    0.18395582796929502,
    0.20077535780687558,
    0.1989978122821462,
    0.191626826494314,
    0.07350785216880214,
    0.24546180610271207,
    0.1391661065198902,
    0.13597526613932784,
    0.0005705623171584396,
    0.14233461659020707,
    0.1318479640441036,
    0.047137789215119595,
    0.20466848615037886,
    0.21578712570653716,
    0.25109317085590055,
    0.12108492366163041,
    0.28455792516099065,
    0.20989542963497757,
    0.241889579629251,
    0.2538375333591659,
    0.24036974264976912,
    0.02279405933990328,
    0.13047883343260233,
    0.41250930427978333,
    0.43576757084868933,
    0.2518743417140279,
    0.29024515614408625,
    0.05984959855003472,
    0.16363606527920393,
    0.06916931651817644,
    0.24410611898548587,
    0.3814531993241273,
    0.269650580867579,
    0.32852598769475466,
    0.4190109412332904,
    0.07163188512760527
  ],
  "6": [
    0.0916146662375728,
    0.03177674475819444,
    0.12083888069064498,
    0.16215535332370434,
    0.09626168672691811,
    0.16024263712347708,
    0.22574072827994734,
    0.1732832722781604,
    0.303227646225631,
    0.22929140116235777,
    0.1132958218253164,
    0.2628729462670465,
    0.19390675895971884,
    0.03149942604714243,
    0.22561451847188,
    0.21535475976343044,
    0.17285310163612574,
    0.18273694966882856,
    0.15583438372143374,
    0.23927290607641616,
    0.0563620296354113,
    0.15564996355292784,
    0.1564378727549259,
    0.2015842607936999,
    0.1497063739157748,
    0.1679126058362056,
    0.2723186737877857,
    0.13093468231351293,
    0.22159287509873665,
    0.18338988295347622,
    0.36067168241250236,
    0.29796664825956926,
    0.26124824269488256,
    0.1702354139512769,
    0.2888019575343433,
    0.2778206090710174,
    0.22903204016841916,
    0.2887645929308604,
    0.4958427076200724,
    0.24570213991645912,
    0.3788721220201582,
    0.35548328196941464,
    0.20078536188568513,
    0.24365221999008788,
    0.3980073830444476
  ],
  "7": [
    0.08790392928560271,
    0.0029353538457130403,
    0.2020084659620626,
    0.037562372627924605,
    0.02474414911606402,
    0.008361961988137831,
    0.11086076300210664,
    0.02684507983553444,
    0.20447145595295052,
    0.07741392171200515,
    0.2525812043024833,
    0.10070179518413606,
    0.13424971276043898,
    0.020676410103567324,
    0.20745441186578442,
    0.03180853577976323,
    0.18321994510176856,
    0.11689962429224067,
    0.13284258693504428,
    0.21214670904490793,
    0.1898062787683298,
    0.08045798898446346,
    0.23699923524954766,
    0.16390458689979848,
    0.10563877174409382,
    0.2593608833954049,
    0.24809941560889204,
    0.3063109711428628,
    0.11530685315187164,
    0.2613470138476138,
    0.12099762509148441,
    0.19180770454137214,
    0.09171573361036256,
    0.32682995182476415,
    0.20235384478082077,
    0.09103231240405542,
    0.15253405275762172,
    0.22385531765240083,
    0.029166883848488614,
    0.09696419905272333,
    0.21587759770899104,
    0.24937045894287185,
    0.28614936527099044,
    0.06891116461446066,
    0.30717213379319186
  ],